Household	Members
Zuckerman (Tanya & Ray)	Tanya, Ray Guban
Guban (Sue)	Sue
Zuckerman (Sam)	Sam
Zuckerman (Dave)	Dave
Norby (Andrew & Shauna)	Andrew, Shauna, Lila, Etta
Norby (Jane & Chuck)	Jane, Chuck
Hillier (Linda & Norm)	Linda, Norm
Hillier (Rachel)	Rachel
Bryn	Maggie, Rodney
Grove (Steve & Emily)	Steve, Emily Salentine
Grove (Billy & Hayley)	Billy, Hayley, Beau
Grove (Matt)	Matt
Grove (Nate)	Nate
Porter (Esther & Jim)	Esther, Jim, Shale, Margot
Porter (Joan)	Joan
Henrickson (Brittany & DJ)	Brittany, DJ, Maverick
Henrickson (Leesha)	Leesha
Hendrickson (Sean & Krista)	Sean, Krista
Laflaur	Asa
Hothom	Maddie
Morris	April
Brewer	Juliet
Carlson	Max
Bjork (Jason)	Jason, Drew, Ela, Addy
Bjork (Lindzy)	Lindzy
Wagner	Mikie
Groner (Parker)	Parker
Groner (Pierce)	Pierce
Groner (Allyson)	Allyson
Prunty (Laurence & Lauren)	Laurence, Lauren
Prunty (Matthew & Katie)	Matthew, Katie, Colten
Prunty (Sam)	Sam
Vos	Jordan, Tara, Jonah, Brinlie, Ruban, Elise, Simon, Matthew
Stougard	Audrey, Elijah
Miller	Lisa, Bill
Pargeon	Curt, Julie, Kate
Horst	Abby
Canney	Tim, Christy
Chapman	Ryan, Kimberly, Reed, Kate
Adams	Ben, McKenzie
Johnson	Zac, Sarah
Copeland	Ryann, Gavin
Hernandez	Raul, Arianna
McCormack	Kevin, Wendy
Fast Eddie	Fast Eddie
Whitson	Ryan, Laura
Changar	Glen, Carla
Wright	Cliff
Bohlsen	Wade
Herness	Zach, Cari, Jacob, Carter
Driesen	Randy, Marsha, Julia, Alayna, Jonah
Beck	Josh, Adriana, Ellis
Biermeier	Nick, Taylor, Jack, Noah, Waylon, Myles
Lynch	Ryan, Megan, Baby Lynch
Wightman	Cory
Roden	Beth, Marc
Blaess	Amy, Alison
Mingus	Karin, Shawn
Rathje	Julie, Todd
O'Neil	Robin, Jim
Kelso	Jackson
Hargis	Nico
Sheets	Jackson
Lane	Jessy
Reiter	Kayla
Soliman	Elaina
Robertson	Ethan
Paton	Evan
Woolever	Lucy
Schwarz	Anna
