Zuckerman (Tanya & Ray)	Tanya, Ray
Guban (Sue)	Sue
Zuckerman (Sam)	Sam
Zuckerman (Dave)	Dave
Norby (Andrew & Shauna)	Andrew, Shauna, Lila, Etta
Norby (Jane & Chuck)	Jane, Chuck
Hillier (Linda & Norm)	Linda, Norm
Hillier (Rachel)	Rachel
Bryn	Rodney, Maggie
Grove (Steve & Emily)	Steve, Emily
Grove (Nate & Billy)	Nate, Billy, Logan, Lydia
Grove (Matt & Hayley)	Matt, Hayley, Casey, Beau
Porter (Jim & Esther)	Jim, Esther, Shale, Margot
Porter (Joan)	Joan
Henrickson (DJ & Brittany)	DJ, Brittany, Maverick
Henrickson (Leesha)	Leesha, Eddie
Hendrickson (Sean & Krista)	Sean, Krista
Laflaur	Asa
Hothom	Maddie
Morris	April
Brewer	Juliet
Bjork	Jason, Lindzy, Ela, Addy, Drew
Groner (Allyson & Parker)	Allyson, Parker
Groner (Pierce)	Pierce
Prunty (Laurence & Lauren)	Laurence, Lauren, Matthew, Katie, Colten
Prunty (Sam)	Sam
Vos	Jordan, Tara, Jonah, Brinlie, Ruban, Elise, Simon, Matthew
Stougard	Audrey, Elijah
Miller	Lisa, Bill
Pargeon	Curt, Julie, Kate
Horst	Abby
Canney	Tim, Christy
Chapman	Ryan, Kimberly, Reed, Kate
Adams	Ben, McKenzie
Johnson	Zac, Sarah
Copeland	Ryann, Gavin
Hernandez	Raul, Arianna
McCormack	Kevin, Wendy
Whitson	Ryan, Laura
Changar	Glen, Carla
Wright	Cliff
Bohlsen	Wade
Herness	Zach, Cari, Jacob, Carter
Driesen	Randy, Marsha, Julia, Alayna, Jonah
Beck	Josh, Adriana, Ellis
Biermeier	Nick, Taylor, Jack, Noah, Waylon, Myles
Lynch	Ryan, Megan, Baby Lynch
Wightman	Cory
Roden	Beth, Marc
Blaess	Amy, Alison
Mingus	Karin, Shawn
Rathje	Julie, Todd
O'Neil	Robin, Jim
Kelso	Jackson
Hargis	Nico
Sheets	Jackson
Lane	Jessy
Reiter	Kayla
Soliman	Elaina
Robertson	Ethan
Paton	Evan
Woolever	Lucy
Schwarz	Anna
Wagner	Mikie
Sarah H (Maid of Honor)	Sarah
